{
    "loss": 0.17046166956424713,
    "accuracy": 0.9030836820602417
}